Ref,Val,Package,PosX,PosY,Rot,Side
"R46","R","R_Axial_DIN0207_L6.3mm_D2.5mm_P10.16mm_Horizontal",101.880000,-98.650000,180.000000,bottom
"A1","RaspberryPi_Pico","RaspberryPi_Pico_Common_THT",333.100000,-16.090000,0.000000,top
"D1","1N4148","D_DO-35_SOD27_P7.62mm_Horizontal",36.300000,-30.710000,90.000000,top
"D2","1N4148","D_DO-35_SOD27_P7.62mm_Horizontal",60.100000,-30.110000,90.000000,top
"D3","1N4148","D_DO-35_SOD27_P7.62mm_Horizontal",79.200000,-30.110000,90.000000,top
"D4","1N4148","D_DO-35_SOD27_P7.62mm_Horizontal",99.200000,-30.810000,90.000000,top
"D5","1N4148","D_DO-35_SOD27_P7.62mm_Horizontal",118.000000,-30.710000,90.000000,top
"D6","1N4148","D_DO-35_SOD27_P7.62mm_Horizontal",140.800000,-30.310000,90.000000,top
"D7","1N4148","D_DO-35_SOD27_P7.62mm_Horizontal",160.000000,-30.500000,90.000000,top
"D8","1N4148","D_DO-35_SOD27_P7.62mm_Horizontal",179.200000,-30.600000,90.000000,top
"D9","1N4148","D_DO-35_SOD27_P7.62mm_Horizontal",198.800000,-30.010000,90.000000,top
"D10","1N4148","D_DO-35_SOD27_P7.62mm_Horizontal",221.400000,-30.420000,90.000000,top
"D11","1N4148","D_DO-35_SOD27_P7.62mm_Horizontal",240.800000,-29.920000,90.000000,top
"D12","1N4148","D_DO-35_SOD27_P7.62mm_Horizontal",259.500000,-30.010000,90.000000,top
"D13","1N4148","D_DO-35_SOD27_P7.62mm_Horizontal",279.800000,-30.210000,90.000000,top
"D14","1N4148","D_DO-35_SOD27_P7.62mm_Horizontal",304.700000,-30.010000,90.000000,top
"D15","1N4148","D_DO-35_SOD27_P7.62mm_Horizontal",36.100000,-55.710000,90.000000,top
"D16","1N4148","D_DO-35_SOD27_P7.62mm_Horizontal",55.130000,-55.850000,90.000000,top
"D17","1N4148","D_DO-35_SOD27_P7.62mm_Horizontal",74.830000,-55.550000,90.000000,top
"D18","1N4148","D_DO-35_SOD27_P7.62mm_Horizontal",93.980000,-56.050000,90.000000,top
"D19","1N4148","D_DO-35_SOD27_P7.62mm_Horizontal",113.170000,-55.810000,90.000000,top
"D20","1N4148","D_DO-35_SOD27_P7.62mm_Horizontal",132.580000,-55.560000,90.000000,top
"D21","1N4148","D_DO-35_SOD27_P7.62mm_Horizontal",151.670000,-55.510000,90.000000,top
"D22","1N4148","D_DO-35_SOD27_P7.62mm_Horizontal",170.970000,-54.910000,90.000000,top
"D23","1N4148","D_DO-35_SOD27_P7.62mm_Horizontal",190.370000,-55.410000,90.000000,top
"D24","1N4148","D_DO-35_SOD27_P7.62mm_Horizontal",209.450000,-55.110000,90.000000,top
"D25","1N4148","D_DO-35_SOD27_P7.62mm_Horizontal",228.570000,-54.970000,90.000000,top
"D26","1N4148","D_DO-35_SOD27_P7.62mm_Horizontal",246.600000,-55.410000,90.000000,top
"D27","1N4148","D_DO-35_SOD27_P7.62mm_Horizontal",266.200000,-55.210000,90.000000,top
"D28","1N4148","D_DO-35_SOD27_P7.62mm_Horizontal",293.900000,-55.710000,90.000000,top
"D29","1N4148","D_DO-35_SOD27_P7.62mm_Horizontal",324.900000,-55.310000,90.000000,top
"D30","1N4148","D_DO-35_SOD27_P7.62mm_Horizontal",40.200000,-74.510000,90.000000,top
"D31","1N4148","D_DO-35_SOD27_P7.62mm_Horizontal",63.600000,-74.810000,90.000000,top
"D32","1N4148","D_DO-35_SOD27_P7.62mm_Horizontal",82.600000,-74.510000,90.000000,top
"D33","1N4148","D_DO-35_SOD27_P7.62mm_Horizontal",101.400000,-74.510000,90.000000,top
"D34","1N4148","D_DO-35_SOD27_P7.62mm_Horizontal",120.800000,-75.010000,90.000000,top
"D35","1N4148","D_DO-35_SOD27_P7.62mm_Horizontal",139.800000,-75.010000,90.000000,top
"D36","1N4148","D_DO-35_SOD27_P7.62mm_Horizontal",159.000000,-75.210000,90.000000,top
"D37","1N4148","D_DO-35_SOD27_P7.62mm_Horizontal",178.300000,-75.110000,90.000000,top
"D38","1N4148","D_DO-35_SOD27_P7.62mm_Horizontal",197.200000,-74.800000,90.000000,top
"D39","1N4148","D_DO-35_SOD27_P7.62mm_Horizontal",216.100000,-75.310000,90.000000,top
"D40","1N4148","D_DO-35_SOD27_P7.62mm_Horizontal",235.400000,-75.010000,90.000000,top
"D41","1N4148","D_DO-35_SOD27_P7.62mm_Horizontal",254.100000,-75.300000,90.000000,top
"D42","1N4148","D_DO-35_SOD27_P7.62mm_Horizontal",273.000000,-75.110000,90.000000,top
"D43","1N4148","D_DO-35_SOD27_P7.62mm_Horizontal",298.000000,-75.110000,90.000000,top
"D44","1N4148","D_DO-35_SOD27_P7.62mm_Horizontal",324.900000,-74.900000,90.000000,top
"D45","1N4148","D_DO-35_SOD27_P7.62mm_Horizontal",44.000000,-93.810000,90.000000,top
"D46","1N4148","D_DO-35_SOD27_P7.62mm_Horizontal",67.600000,-93.610000,90.000000,top
"D47","1N4148","D_DO-35_SOD27_P7.62mm_Horizontal",87.100000,-93.510000,90.000000,top
"D48","1N4148","D_DO-35_SOD27_P7.62mm_Horizontal",106.200000,-93.310000,90.000000,top
"D49","1N4148","D_DO-35_SOD27_P7.62mm_Horizontal",125.000000,-93.910000,90.000000,top
"D50","1N4148","D_DO-35_SOD27_P7.62mm_Horizontal",144.400000,-93.410000,90.000000,top
"D51","1N4148","D_DO-35_SOD27_P7.62mm_Horizontal",163.250000,-93.310000,90.000000,top
"D52","1N4148","D_DO-35_SOD27_P7.62mm_Horizontal",182.400000,-93.510000,90.000000,top
"D53","1N4148","D_DO-35_SOD27_P7.62mm_Horizontal",201.800000,-94.110000,90.000000,top
"D54","1N4148","D_DO-35_SOD27_P7.62mm_Horizontal",220.900000,-94.310000,90.000000,top
"D55","1N4148","D_DO-35_SOD27_P7.62mm_Horizontal",239.900000,-93.810000,90.000000,top
"D56","1N4148","D_DO-35_SOD27_P7.62mm_Horizontal",259.000000,-93.710000,90.000000,top
"D57","1N4148","D_DO-35_SOD27_P7.62mm_Horizontal",289.900000,-94.010000,90.000000,top
"D58","1N4148","D_DO-35_SOD27_P7.62mm_Horizontal",324.900000,-94.310000,90.000000,top
"D59","1N4148","D_DO-35_SOD27_P7.62mm_Horizontal",46.250000,-112.910000,90.000000,top
"D60","1N4148","D_DO-35_SOD27_P7.62mm_Horizontal",75.500000,-113.010000,90.000000,top
"D61","1N4148","D_DO-35_SOD27_P7.62mm_Horizontal",94.900000,-113.110000,90.000000,top
"D62","1N4148","D_DO-35_SOD27_P7.62mm_Horizontal",113.700000,-112.810000,90.000000,top
"D63","1N4148","D_DO-35_SOD27_P7.62mm_Horizontal",132.700000,-113.210000,90.000000,top
"D64","1N4148","D_DO-35_SOD27_P7.62mm_Horizontal",152.000000,-112.800000,90.000000,top
"D65","1N4148","D_DO-35_SOD27_P7.62mm_Horizontal",171.000000,-112.810000,90.000000,top
"D66","1N4148","D_DO-35_SOD27_P7.62mm_Horizontal",190.300000,-112.610000,90.000000,top
"D67","1N4148","D_DO-35_SOD27_P7.62mm_Horizontal",209.550000,-112.710000,90.000000,top
"D68","1N4148","D_DO-35_SOD27_P7.62mm_Horizontal",228.550000,-112.910000,90.000000,top
"D69","1N4148","D_DO-35_SOD27_P7.62mm_Horizontal",248.300000,-114.010000,90.000000,top
"D70","1N4148","D_DO-35_SOD27_P7.62mm_Horizontal",276.400000,-113.810000,90.000000,top
"D71","1N4148","D_DO-35_SOD27_P7.62mm_Horizontal",306.200000,-113.750000,90.000000,top
"D72","1N4148","D_DO-35_SOD27_P7.62mm_Horizontal",39.200000,-133.210000,90.000000,top
"D73","1N4148","D_DO-35_SOD27_P7.62mm_Horizontal",63.000000,-133.010000,90.000000,top
"D74","1N4148","D_DO-35_SOD27_P7.62mm_Horizontal",85.600000,-132.310000,90.000000,top
"D75","1N4148","D_DO-35_SOD27_P7.62mm_Horizontal",155.600000,-132.410000,90.000000,top
"D76","1N4148","D_DO-35_SOD27_P7.62mm_Horizontal",227.100000,-133.010000,90.000000,top
"D77","1N4148","D_DO-35_SOD27_P7.62mm_Horizontal",251.600000,-131.770000,90.000000,top
"D78","1N4148","D_DO-35_SOD27_P7.62mm_Horizontal",287.200000,-132.250000,90.000000,top
"D79","1N4148","D_DO-35_SOD27_P7.62mm_Horizontal",306.200000,-132.750000,90.000000,top
"D80","1N4148","D_DO-35_SOD27_P7.62mm_Horizontal",325.200000,-133.250000,90.000000,top
"L1","LED","LED_D3.0mm",39.780000,-26.700000,0.000000,top
"L2","LED","LED_D3.0mm",59.480000,-36.350000,0.000000,top
"L3","LED","LED_D3.0mm",78.650000,-36.450000,0.000000,top
"L4","LED","LED_D3.0mm",97.800000,-36.350000,0.000000,top
"L5","LED","LED_D3.0mm",120.680000,-27.550000,0.000000,top
"L6","LED","LED_D3.0mm",140.050000,-36.500000,0.000000,top
"L7","LED","LED_D3.0mm",159.180000,-36.650000,0.000000,top
"L8","LED","LED_D3.0mm",178.300000,-36.350000,0.000000,top
"L9","LED","LED_D3.0mm",201.380000,-27.350000,0.000000,top
"L10","LED","LED_D3.0mm",220.650000,-36.400000,0.000000,top
"L11","LED","LED_D3.0mm",239.900000,-36.350000,0.000000,top
"L12","LED","LED_D3.0mm",259.130000,-36.700000,0.000000,top
"L13","LED","LED_D3.0mm",281.280000,-33.850000,0.000000,top
"L14","LED","LED_D3.0mm",35.310000,-61.400000,0.000000,top
"L15","LED","LED_D3.0mm",55.750000,-60.180000,-90.000000,top
"L16","LED","LED_D3.0mm",74.750000,-59.830000,-90.000000,top
"L17","LED","LED_D3.0mm",93.800000,-59.930000,-90.000000,top
"L18","LED","LED_D3.0mm",112.950000,-59.980000,-90.000000,top
"L19","LED","LED_D3.0mm",132.000000,-62.320000,90.000000,top
"L20","LED","LED_D3.0mm",151.000000,-59.280000,-90.000000,top
"L21","LED","LED_D3.0mm",170.250000,-59.730000,-90.000000,top
"L22","LED","LED_D3.0mm",189.300000,-60.130000,-90.000000,top
"L23","LED","LED_D3.0mm",208.550000,-59.930000,-90.000000,top
"L24","LED","LED_D3.0mm",227.450000,-60.030000,-90.000000,top
"L25","LED","LED_D3.0mm",246.800000,-60.180000,-90.000000,top
"L26","LED","LED_D3.0mm",266.200000,-59.680000,-90.000000,top
"L27","LED","LED_D3.0mm",291.400000,-63.420000,90.000000,top
"L28","LED","LED_D3.0mm",304.650000,-56.000000,0.000000,top
"L29","LED","LED_D3.0mm",43.950000,-80.190000,90.000000,top
"L30","LED","LED_D3.0mm",63.950000,-81.770000,90.000000,top
"L31","LED","LED_D3.0mm",82.900000,-81.820000,90.000000,top
"L32","LED","LED_D3.0mm",102.000000,-81.890000,90.000000,top
"L33","LED","LED_D3.0mm",121.100000,-81.820000,90.000000,top
"L34","LED","LED_D3.0mm",140.400000,-81.970000,90.000000,top
"L35","LED","LED_D3.0mm",159.450000,-81.590000,90.000000,top
"L36","LED","LED_D3.0mm",178.600000,-82.070000,90.000000,top
"L37","LED","LED_D3.0mm",197.500000,-82.070000,90.000000,top
"L38","LED","LED_D3.0mm",216.900000,-82.020000,90.000000,top
"L39","LED","LED_D3.0mm",235.850000,-81.720000,90.000000,top
"L40","LED","LED_D3.0mm",254.800000,-81.720000,90.000000,top
"L41","LED","LED_D3.0mm",274.500000,-82.120000,90.000000,top
"L42","LED","LED_D3.0mm",304.100000,-81.920000,90.000000,top
"L43","LED","LED_D3.0mm",45.900000,-100.170000,90.000000,top
"L44","LED","LED_D3.0mm",68.400000,-100.450000,90.000000,top
"L45","LED","LED_D3.0mm",87.400000,-100.200000,90.000000,top
"L46","LED","LED_D3.0mm",106.550000,-100.340000,90.000000,top
"L47","LED","LED_D3.0mm",125.800000,-101.120000,90.000000,top
"L48","LED","LED_D3.0mm",144.900000,-100.770000,90.000000,top
"L49","LED","LED_D3.0mm",164.100000,-101.770000,90.000000,top
"L50","LED","LED_D3.0mm",182.850000,-101.420000,90.000000,top
"L51","LED","LED_D3.0mm",202.400000,-101.370000,90.000000,top
"L52","LED","LED_D3.0mm",221.400000,-100.850000,90.000000,top
"L53","LED","LED_D3.0mm",240.250000,-100.870000,90.000000,top
"L54","LED","LED_D3.0mm",260.600000,-100.350000,90.000000,top
"L55","LED","LED_D3.0mm",281.500000,-103.070000,90.000000,top
"L56","LED","LED_D3.0mm",303.750000,-100.550000,90.000000,top
"L57","LED","LED_D3.0mm",40.700000,-121.140000,90.000000,top
"L58","LED","LED_D3.0mm",64.200000,-121.770000,90.000000,top
"L59","LED","LED_D3.0mm",89.850000,-123.070000,90.000000,top
"L60","LED","LED_D3.0mm",118.400000,-123.290000,90.000000,top
"L61","LED","LED_D3.0mm",178.450000,-124.890000,90.000000,top
"L62","LED","LED_D3.0mm",206.750000,-124.240000,90.000000,top
"L63","LED","LED_D3.0mm",230.300000,-121.470000,90.000000,top
"L64","LED","LED_D3.0mm",261.100000,-121.620000,90.000000,top
"L65","LED","LED_D3.0mm",293.050000,-120.840000,90.000000,top
"L66","LED","LED_D3.0mm",310.300000,-118.470000,90.000000,top
"R1","R","R_Axial_DIN0207_L6.3mm_D2.5mm_P10.16mm_Horizontal",34.270000,-17.700000,0.000000,top
"R2","R","R_Axial_DIN0207_L6.3mm_D2.5mm_P10.16mm_Horizontal",65.330000,-17.250000,180.000000,top
"R3","R","R_Axial_DIN0207_L6.3mm_D2.5mm_P10.16mm_Horizontal",84.180000,-17.350000,180.000000,top
"R4","R","R_Axial_DIN0207_L6.3mm_D2.5mm_P10.16mm_Horizontal",103.850000,-17.150000,180.000000,top
"R5","R","R_Axial_DIN0207_L6.3mm_D2.5mm_P10.16mm_Horizontal",124.780000,-17.350000,180.000000,top
"R6","R","R_Axial_DIN0207_L6.3mm_D2.5mm_P10.16mm_Horizontal",146.280000,-17.300000,180.000000,top
"R7","R","R_Axial_DIN0207_L6.3mm_D2.5mm_P10.16mm_Horizontal",165.500000,-17.350000,180.000000,top
"R8","R","R_Axial_DIN0207_L6.3mm_D2.5mm_P10.16mm_Horizontal",184.780000,-17.400000,180.000000,top
"R9","R","R_Axial_DIN0207_L6.3mm_D2.5mm_P10.16mm_Horizontal",205.530000,-17.200000,180.000000,top
"R10","R","R_Axial_DIN0207_L6.3mm_D2.5mm_P10.16mm_Horizontal",227.630000,-16.700000,180.000000,top
"R11","R","R_Axial_DIN0207_L6.3mm_D2.5mm_P10.16mm_Horizontal",245.300000,-16.700000,180.000000,top
"R12","R","R_Axial_DIN0207_L6.3mm_D2.5mm_P10.16mm_Horizontal",264.980000,-16.500000,180.000000,top
"R13","R","R_Axial_DIN0207_L6.3mm_D2.5mm_P10.16mm_Horizontal",287.130000,-16.500000,180.000000,top
"R14","R","R_Axial_DIN0207_L6.3mm_D2.5mm_P10.16mm_Horizontal",31.980000,-62.100000,180.000000,top
"R15","R","R_Axial_DIN0207_L6.3mm_D2.5mm_P10.16mm_Horizontal",51.480000,-61.850000,180.000000,top
"R16","R","R_Axial_DIN0207_L6.3mm_D2.5mm_P10.16mm_Horizontal",70.980000,-61.550000,180.000000,top
"R17","R","R_Axial_DIN0207_L6.3mm_D2.5mm_P10.16mm_Horizontal",90.280000,-61.800000,180.000000,top
"R18","R","R_Axial_DIN0207_L6.3mm_D2.5mm_P10.16mm_Horizontal",109.030000,-61.650000,180.000000,top
"R19","R","R_Axial_DIN0207_L6.3mm_D2.5mm_P10.16mm_Horizontal",128.330000,-61.750000,180.000000,top
"R20","R","R_Axial_DIN0207_L6.3mm_D2.5mm_P10.16mm_Horizontal",147.230000,-61.750000,180.000000,top
"R21","R","R_Axial_DIN0207_L6.3mm_D2.5mm_P10.16mm_Horizontal",166.480000,-61.950000,180.000000,top
"R22","R","R_Axial_DIN0207_L6.3mm_D2.5mm_P10.16mm_Horizontal",174.720000,-62.300000,0.000000,top
"R23","R","R_Axial_DIN0207_L6.3mm_D2.5mm_P10.16mm_Horizontal",204.450000,-62.150000,180.000000,top
"R24","R","R_Axial_DIN0207_L6.3mm_D2.5mm_P10.16mm_Horizontal",223.730000,-62.100000,180.000000,top
"R25","R","R_Axial_DIN0207_L6.3mm_D2.5mm_P10.16mm_Horizontal",242.980000,-62.050000,180.000000,top
"R26","R","R_Axial_DIN0207_L6.3mm_D2.5mm_P10.16mm_Horizontal",262.180000,-62.300000,180.000000,top
"R27","R","R_Axial_DIN0207_L6.3mm_D2.5mm_P10.16mm_Horizontal",277.070000,-62.950000,0.000000,top
"R28","R","R_Axial_DIN0207_L6.3mm_D2.5mm_P10.16mm_Horizontal",301.070000,-62.800000,0.000000,top
"R29","R","R_Axial_DIN0207_L6.3mm_D2.5mm_P10.16mm_Horizontal",36.530000,-81.600000,180.000000,top
"R30","R","R_Axial_DIN0207_L6.3mm_D2.5mm_P10.16mm_Horizontal",58.980000,-81.050000,180.000000,top
"R31","R","R_Axial_DIN0207_L6.3mm_D2.5mm_P10.16mm_Horizontal",78.830000,-80.950000,180.000000,top
"R32","R","R_Axial_DIN0207_L6.3mm_D2.5mm_P10.16mm_Horizontal",97.630000,-80.850000,180.000000,top
"R33","R","R_Axial_DIN0207_L6.3mm_D2.5mm_P10.16mm_Horizontal",116.780000,-81.400000,180.000000,top
"R34","R","R_Axial_DIN0207_L6.3mm_D2.5mm_P10.16mm_Horizontal",136.730000,-81.250000,180.000000,top
"R35","R","R_Axial_DIN0207_L6.3mm_D2.5mm_P10.16mm_Horizontal",154.930000,-80.900000,180.000000,top
"R36","R","R_Axial_DIN0207_L6.3mm_D2.5mm_P10.16mm_Horizontal",174.330000,-80.600000,180.000000,top
"R37","R","R_Axial_DIN0207_L6.3mm_D2.5mm_P10.16mm_Horizontal",194.130000,-80.850000,180.000000,top
"R38","R","R_Axial_DIN0207_L6.3mm_D2.5mm_P10.16mm_Horizontal",212.830000,-81.100000,180.000000,top
"R39","R","R_Axial_DIN0207_L6.3mm_D2.5mm_P10.16mm_Horizontal",231.180000,-81.250000,180.000000,top
"R40","R","R_Axial_DIN0207_L6.3mm_D2.5mm_P10.16mm_Horizontal",251.080000,-80.950000,180.000000,top
"R41","R","R_Axial_DIN0207_L6.3mm_D2.5mm_P10.16mm_Horizontal",270.230000,-80.800000,180.000000,top
"R42","R","R_Axial_DIN0207_L6.3mm_D2.5mm_P10.16mm_Horizontal",294.980000,-80.550000,180.000000,top
"R43","R","R_Axial_DIN0207_L6.3mm_D2.5mm_P10.16mm_Horizontal",40.930000,-100.000000,180.000000,top
"R44","R","R_Axial_DIN0207_L6.3mm_D2.5mm_P10.16mm_Horizontal",64.180000,-99.500000,180.000000,top
"R45","R","R_Axial_DIN0207_L6.3mm_D2.5mm_P10.16mm_Horizontal",83.330000,-99.800000,180.000000,top
"R47","R","R_Axial_DIN0207_L6.3mm_D2.5mm_P10.16mm_Horizontal",121.530000,-99.700000,180.000000,top
"R48","R","R_Axial_DIN0207_L6.3mm_D2.5mm_P10.16mm_Horizontal",140.680000,-99.850000,180.000000,top
"R49","R","R_Axial_DIN0207_L6.3mm_D2.5mm_P10.16mm_Horizontal",160.780000,-99.900000,180.000000,top
"R50","R","R_Axial_DIN0207_L6.3mm_D2.5mm_P10.16mm_Horizontal",179.230000,-99.900000,180.000000,top
"R51","R","R_Axial_DIN0207_L6.3mm_D2.5mm_P10.16mm_Horizontal",197.130000,-99.900000,180.000000,top
"R52","R","R_Axial_DIN0207_L6.3mm_D2.5mm_P10.16mm_Horizontal",217.730000,-99.700000,180.000000,top
"R53","R","R_Axial_DIN0207_L6.3mm_D2.5mm_P10.16mm_Horizontal",235.880000,-99.900000,180.000000,top
"R54","R","R_Axial_DIN0207_L6.3mm_D2.5mm_P10.16mm_Horizontal",255.130000,-99.650000,180.000000,top
"R55","R","R_Axial_DIN0207_L6.3mm_D2.5mm_P10.16mm_Horizontal",281.750000,-106.120000,-90.000000,top
"R56","R","R_Axial_DIN0207_L6.3mm_D2.5mm_P10.16mm_Horizontal",308.270000,-100.200000,0.000000,top
"R57","R","R_Axial_DIN0207_L6.3mm_D2.5mm_P10.16mm_Horizontal",42.750000,-124.570000,-90.000000,top
"R58","R","R_Axial_DIN0207_L6.3mm_D2.5mm_P10.16mm_Horizontal",55.550000,-116.430000,90.000000,top
"R59","R","R_Axial_DIN0207_L6.3mm_D2.5mm_P10.16mm_Horizontal",102.270000,-120.150000,0.000000,top
"R60","R","R_Axial_DIN0207_L6.3mm_D2.5mm_P10.16mm_Horizontal",123.700000,-129.000000,180.000000,top
"R61","R","R_Axial_DIN0207_L6.3mm_D2.5mm_P10.16mm_Horizontal",171.000000,-122.670000,-90.000000,top
"R62","R","R_Axial_DIN0207_L6.3mm_D2.5mm_P10.16mm_Horizontal",214.930000,-119.050000,180.000000,top
"R63","R","R_Axial_DIN0207_L6.3mm_D2.5mm_P10.16mm_Horizontal",234.050000,-122.520000,-90.000000,top
"R64","R","R_Axial_DIN0207_L6.3mm_D2.5mm_P10.16mm_Horizontal",266.030000,-125.350000,180.000000,top
"R65","R","R_Axial_DIN0207_L6.3mm_D2.5mm_P10.16mm_Horizontal",296.520000,-119.850000,0.000000,top
"R66","R","R_Axial_DIN0207_L6.3mm_D2.5mm_P10.16mm_Horizontal",317.700000,-117.180000,90.000000,top
"S1","MX_stab","STAB_MX_6.25u",146.800000,-128.998050,0.000000,top
"S2","MX_stab","STAB_MX_2.25u",281.006250,-90.885000,0.000000,top
"S3","MX_stab","STAB_MX_2u",285.000000,-52.598050,0.000000,top
"S4","MX_stab","STAB_MX_2u",38.000000,-109.798050,0.000000,top
"SW1","SW_Push","SW_MX_1u",27.310000,-27.040000,0.000000,top
"SW2","SW_Push","SW_MX_1u",51.230000,-27.040000,0.000000,top
"SW3","SW_Push","SW_MX_1u",70.280000,-27.040000,0.000000,top
"SW4","SW_Push","SW_MX_1u",89.380000,-27.040000,0.000000,top
"SW5","SW_Push","SW_MX_1u",108.480000,-27.000000,0.000000,top
"SW6","SW_Push","SW_MX_1u",131.730000,-27.040000,0.000000,top
"SW7","SW_Push","SW_MX_1u",150.880000,-27.000000,0.000000,top
"SW8","SW_Push","SW_MX_1u",169.980000,-27.000000,0.000000,top
"SW9","SW_Push","SW_MX_1u",189.080000,-27.000000,0.000000,top
"SW10","SW_Push","SW_MX_1u",212.420000,-27.000000,0.000000,top
"SW11","SW_Push","SW_MX_1u",231.500000,-27.000000,0.000000,top
"SW12","SW_Push","SW_MX_1u",250.580000,-27.000000,0.000000,top
"SW13","SW_Push","SW_MX_1u",269.680000,-27.000000,0.000000,top
"SW14","SW_Push","SW_MX_1u",294.480000,-27.100000,0.000000,top
"SW15","SW_Push","SW_MX_1u",27.080000,-52.500000,0.000000,top
"SW16","SW_Push","SW_MX_1u",46.110000,-52.540000,0.000000,top
"SW17","SW_Push","SW_MX_1u",65.210000,-52.540000,0.000000,top
"SW18","SW_Push","SW_MX_1u",84.310000,-52.540000,0.000000,top
"SW19","SW_Push","SW_MX_1u",103.410000,-52.540000,0.000000,top
"SW20","SW_Push","SW_MX_1u",122.480000,-52.540000,0.000000,top
"SW21","SW_Push","SW_MX_1u",141.580000,-52.500000,0.000000,top
"SW22","SW_Push","SW_MX_1u",160.700000,-52.500000,0.000000,top
"SW23","SW_Push","SW_MX_1u",179.780000,-52.500000,0.000000,top
"SW24","SW_Push","SW_MX_1u",198.880000,-52.500000,0.000000,top
"SW25","SW_Push","SW_MX_1u",217.980000,-52.500000,0.000000,top
"SW26","SW_Push","SW_MX_1u",237.080000,-52.500000,0.000000,top
"SW27","SW_Push","SW_MX_1u",256.180000,-52.600000,0.000000,top
"SW28","SW_Push","SW_MX_1u",285.000000,-52.600000,0.000000,top
"SW29","SW_Push","SW_MX_1u",316.300000,-52.400000,0.000000,top
"SW30","SW_Push","SW_MX_1u",30.900000,-71.600000,0.000000,top
"SW31","SW_Push","SW_MX_1u",54.310000,-71.680000,0.000000,top
"SW32","SW_Push","SW_MX_1u",73.410000,-71.680000,0.000000,top
"SW33","SW_Push","SW_MX_1u",92.410000,-71.680000,0.000000,top
"SW34","SW_Push","SW_MX_1u",111.510000,-71.680000,0.000000,top
"SW35","SW_Push","SW_MX_1u",130.680000,-71.740000,0.000000,top
"SW36","SW_Push","SW_MX_1u",149.780000,-71.640000,0.000000,top
"SW37","SW_Push","SW_MX_1u",168.900000,-71.640000,0.000000,top
"SW38","SW_Push","SW_MX_1u",188.080000,-71.640000,0.000000,top
"SW39","SW_Push","SW_MX_1u",207.180000,-71.640000,0.000000,top
"SW40","SW_Push","SW_MX_1u",226.280000,-71.640000,0.000000,top
"SW41","SW_Push","SW_MX_1u",245.410000,-71.680000,0.000000,top
"SW42","SW_Push","SW_MX_1u",264.410000,-71.780000,0.000000,top
"SW43","SW_Push","SW_MX_1u",289.220000,-71.780000,0.000000,top
"SW44","SW_Push","SW_MX_1u",316.310000,-71.600000,0.000000,top
"SW45","SW_Push","SW_MX_1u",35.010000,-90.820000,0.000000,top
"SW46","SW_Push","SW_MX_1u",58.850000,-90.740000,0.000000,top
"SW47","SW_Push","SW_MX_1u",78.030000,-90.740000,0.000000,top
"SW48","SW_Push","SW_MX_1u",97.160000,-90.780000,0.000000,top
"SW49","SW_Push","SW_MX_1u",116.260000,-90.780000,0.000000,top
"SW50","SW_Push","SW_MX_1u",135.360000,-90.880000,0.000000,top
"SW51","SW_Push","SW_MX_1u",154.460000,-90.880000,0.000000,top
"SW52","SW_Push","SW_MX_1u",173.530000,-90.840000,0.000000,top
"SW53","SW_Push","SW_MX_1u",192.660000,-90.780000,0.000000,top
"SW54","SW_Push","SW_MX_1u",211.760000,-90.780000,0.000000,top
"SW55","SW_Push","SW_MX_1u",230.860000,-90.780000,0.000000,top
"SW56","SW_Push","SW_MX_1u",249.960000,-90.880000,0.000000,top
"SW57","SW_Push","SW_MX_1u",281.010000,-90.840000,0.000000,top
"SW58","SW_Push","SW_MX_1u",316.320000,-90.840000,0.000000,top
"SW59","SW_Push","SW_MX_1u",38.000000,-109.800000,0.000000,top
"SW60","SW_Push","SW_MX_1u",66.660000,-109.880000,0.000000,top
"SW61","SW_Push","SW_MX_1u",85.810000,-109.840000,0.000000,top
"SW62","SW_Push","SW_MX_1u",104.910000,-109.940000,0.000000,top
"SW63","SW_Push","SW_MX_1u",124.010000,-109.940000,0.000000,top
"SW64","SW_Push","SW_MX_1u",143.110000,-110.040000,0.000000,top
"SW65","SW_Push","SW_MX_1u",162.210000,-110.040000,0.000000,top
"SW66","SW_Push","SW_MX_1u",181.410000,-110.040000,0.000000,top
"SW67","SW_Push","SW_MX_1u",200.610000,-109.940000,0.000000,top
"SW68","SW_Push","SW_MX_1u",219.710000,-109.940000,0.000000,top
"SW69","SW_Push","SW_MX_1u",238.810000,-109.980000,0.000000,top
"SW70","SW_Push","SW_MX_1u",267.300000,-109.900000,0.000000,top
"SW71","SW_Push","SW_MX_1u",297.160000,-109.980000,0.000000,top
"SW72","SW_Push","SW_MX_1u",29.510000,-129.040000,0.000000,top
"SW73","SW_Push","SW_MX_1u",53.010000,-129.040000,0.000000,top
"SW74","SW_Push","SW_MX_1u",76.100000,-129.100000,0.000000,top
"SW75","SW_Push","SW_MX_1u",146.780000,-129.100000,0.000000,top
"SW76","SW_Push","SW_MX_1u",218.700000,-129.080000,0.000000,top
"SW77","SW_Push","SW_MX_1u",242.780000,-129.140000,0.000000,top
"SW78","SW_Push","SW_MX_1u",316.120000,-129.090000,0.000000,top
"SW79","SW_Push","SW_MX_1u",297.160000,-129.090000,0.000000,top
"SW80","SW_Push","SW_MX_1u",278.120000,-129.090000,0.000000,top
"SW81","RotaryEncoder","RotaryEncoder_Alps_EC11E-Switch_Vertical_H20mm",326.100000,-29.500000,180.000000,top
